"Item and phase","Exterior","StatTrak","BaseEUR","Source"
"Glock-18 | Gamma Doppler (Emerald)","Factory New","No","427.46","skinport-30d-median"
"Glock-18 | Gamma Doppler (Emerald)","Minimal Wear","No","224.99","skinport-30d-median"
"Glock-18 | Gamma Doppler (Emerald)","Field-Tested","No","162.78","skinport-30d-median"
"Glock-18 | Gamma Doppler (Emerald)","Well-Worn","No","157.38","skinport-listing-suggested"
"Glock-18 | Gamma Doppler (Emerald)","Battle-Scarred","No","114.13","skinport-90d-median"
"Glock-18 | Gamma Doppler (Phase 1)","Factory New","No","93.08","skinport-30d-median"
"Glock-18 | Gamma Doppler (Phase 1)","Minimal Wear","No","65.43","skinport-30d-median"
"Glock-18 | Gamma Doppler (Phase 1)","Field-Tested","No","62.83","skinport-30d-median"
"Glock-18 | Gamma Doppler (Phase 1)","Well-Worn","No","53.08","skinport-90d-median"
"Glock-18 | Gamma Doppler (Phase 1)","Battle-Scarred","No","62.68","skinport-listing-suggested"
"Glock-18 | Gamma Doppler (Phase 2)","Factory New","No","97.12","skinport-30d-median"
"Glock-18 | Gamma Doppler (Phase 2)","Minimal Wear","No","69.36","skinport-30d-median"
"Glock-18 | Gamma Doppler (Phase 2)","Field-Tested","No","59.45","skinport-30d-median"
"Glock-18 | Gamma Doppler (Phase 2)","Well-Worn","No","53.60","skinport-30d-median"
"Glock-18 | Gamma Doppler (Phase 2)","Battle-Scarred","No","38.48","skinport-90d-median"
"Glock-18 | Gamma Doppler (Phase 3)","Factory New","No","90.69","skinport-30d-median"
"Glock-18 | Gamma Doppler (Phase 3)","Minimal Wear","No","63.90","skinport-30d-median"
"Glock-18 | Gamma Doppler (Phase 3)","Field-Tested","No","58.00","skinport-30d-median"
"Glock-18 | Gamma Doppler (Phase 3)","Well-Worn","No","52.70","skinport-90d-median"
"Glock-18 | Gamma Doppler (Phase 3)","Battle-Scarred","No","55.29","skinport-30d-median"
"Glock-18 | Gamma Doppler (Phase 4)","Factory New","No","83.43","skinport-30d-median"
"Glock-18 | Gamma Doppler (Phase 4)","Minimal Wear","No","60.76","skinport-30d-median"
"Glock-18 | Gamma Doppler (Phase 4)","Field-Tested","No","47.93","skinport-30d-median"
"Glock-18 | Gamma Doppler (Phase 4)","Well-Worn","No","46.85","skinport-30d-median"
"Glock-18 | Gamma Doppler (Phase 4)","Battle-Scarred","No","42.97","skinport-90d-median"
"★ Bayonet | Doppler (Ruby)","Factory New","No","1435.59","skinport-30d-median"
"★ Bayonet | Doppler (Ruby)","Factory New","Yes","1764.00","skinport-90d-median"
"★ Bayonet | Doppler (Ruby)","Minimal Wear","No","2467.37","skinport-listing-suggested"
"★ Bayonet | Doppler (Ruby)","Minimal Wear","Yes","596.36","skinport-listing-suggested"
"★ Bayonet | Doppler (Sapphire)","Factory New","No","936.67","skinport-30d-median"
"★ Bayonet | Doppler (Sapphire)","Factory New","Yes","1135.91","skinport-90d-median"
"★ Bayonet | Doppler (Sapphire)","Minimal Wear","No","1380.41","skinport-listing-suggested"
"★ Bayonet | Doppler (Sapphire)","Minimal Wear","Yes","","No verified quote"
"★ Bayonet | Doppler (Black Pearl)","Factory New","No","1719.59","skinport-listing-suggested"
"★ Bayonet | Doppler (Black Pearl)","Factory New","Yes","2549.12","skinport-listing-suggested"
"★ Bayonet | Doppler (Black Pearl)","Minimal Wear","No","488.81","skinport-listing-suggested"
"★ Bayonet | Doppler (Black Pearl)","Minimal Wear","Yes","","No verified quote"
"★ Bayonet | Doppler (Phase 1)","Factory New","No","322.58","skinport-30d-median"
"★ Bayonet | Doppler (Phase 1)","Factory New","Yes","346.56","skinport-30d-median"
"★ Bayonet | Doppler (Phase 1)","Minimal Wear","No","326.40","skinport-30d-median"
"★ Bayonet | Doppler (Phase 1)","Minimal Wear","Yes","339.57","skinport-listing-suggested"
"★ Bayonet | Doppler (Phase 2)","Factory New","No","409.38","skinport-30d-median"
"★ Bayonet | Doppler (Phase 2)","Factory New","Yes","368.62","skinport-30d-median"
"★ Bayonet | Doppler (Phase 2)","Minimal Wear","No","411.34","skinport-90d-median"
"★ Bayonet | Doppler (Phase 2)","Minimal Wear","Yes","407.71","skinport-30d-median"
"★ Bayonet | Doppler (Phase 3)","Factory New","No","315.21","skinport-30d-median"
"★ Bayonet | Doppler (Phase 3)","Factory New","Yes","367.24","skinport-30d-median"
"★ Bayonet | Doppler (Phase 3)","Minimal Wear","No","288.90","skinport-30d-median"
"★ Bayonet | Doppler (Phase 3)","Minimal Wear","Yes","406.12","skinport-90d-median"
"★ Bayonet | Doppler (Phase 4)","Factory New","No","338.50","skinport-30d-median"
"★ Bayonet | Doppler (Phase 4)","Factory New","Yes","308.91","skinport-30d-median"
"★ Bayonet | Doppler (Phase 4)","Minimal Wear","No","320.00","skinport-30d-median"
"★ Bayonet | Doppler (Phase 4)","Minimal Wear","Yes","686.16","skinport-listing-suggested"
"★ Bayonet | Gamma Doppler (Emerald)","Factory New","No","1348.18","skinport-30d-median"
"★ Bayonet | Gamma Doppler (Emerald)","Factory New","Yes","","No verified quote"
"★ Bayonet | Gamma Doppler (Emerald)","Minimal Wear","No","1535.14","skinport-30d-median"
"★ Bayonet | Gamma Doppler (Emerald)","Minimal Wear","Yes","848.76","skinport-listing-suggested"
"★ Bayonet | Gamma Doppler (Phase 1)","Factory New","No","405.42","skinport-30d-median"
"★ Bayonet | Gamma Doppler (Phase 1)","Factory New","Yes","420.00","skinport-30d-median"
"★ Bayonet | Gamma Doppler (Phase 1)","Minimal Wear","No","466.32","skinport-90d-median"
"★ Bayonet | Gamma Doppler (Phase 1)","Minimal Wear","Yes","546.58","skinport-listing-suggested"
"★ Bayonet | Gamma Doppler (Phase 2)","Factory New","No","499.93","skinport-30d-median"
"★ Bayonet | Gamma Doppler (Phase 2)","Factory New","Yes","559.12","skinport-90d-median"
"★ Bayonet | Gamma Doppler (Phase 2)","Minimal Wear","No","715.24","skinport-listing-median"
"★ Bayonet | Gamma Doppler (Phase 2)","Minimal Wear","Yes","801.60","skinport-listing-suggested"
"★ Bayonet | Gamma Doppler (Phase 3)","Factory New","No","392.05","skinport-30d-median"
"★ Bayonet | Gamma Doppler (Phase 3)","Factory New","Yes","383.43","skinport-30d-median"
"★ Bayonet | Gamma Doppler (Phase 3)","Minimal Wear","No","450.00","skinport-30d-median"
"★ Bayonet | Gamma Doppler (Phase 3)","Minimal Wear","Yes","857.54","skinport-listing-suggested"
"★ Bayonet | Gamma Doppler (Phase 4)","Factory New","No","374.31","skinport-30d-median"
"★ Bayonet | Gamma Doppler (Phase 4)","Factory New","Yes","418.35","skinport-30d-median"
"★ Bayonet | Gamma Doppler (Phase 4)","Minimal Wear","No","521.50","skinport-30d-median"
"★ Bayonet | Gamma Doppler (Phase 4)","Minimal Wear","Yes","1150.71","skinport-listing-suggested"
"★ Flip Knife | Doppler (Ruby)","Factory New","No","1223.30","skinport-30d-median"
"★ Flip Knife | Doppler (Ruby)","Factory New","Yes","1484.18","skinport-30d-median"
"★ Flip Knife | Doppler (Ruby)","Minimal Wear","No","1139.88","skinport-30d-median"
"★ Flip Knife | Doppler (Ruby)","Minimal Wear","Yes","","No verified quote"
"★ Flip Knife | Doppler (Sapphire)","Factory New","No","790.67","skinport-30d-median"
"★ Flip Knife | Doppler (Sapphire)","Factory New","Yes","","No verified quote"
"★ Flip Knife | Doppler (Sapphire)","Minimal Wear","No","2046.32","skinport-listing-suggested"
"★ Flip Knife | Doppler (Sapphire)","Minimal Wear","Yes","","No verified quote"
"★ Flip Knife | Doppler (Black Pearl)","Factory New","No","1046.36","skinport-90d-median"
"★ Flip Knife | Doppler (Black Pearl)","Factory New","Yes","1068.41","skinport-listing-suggested"
"★ Flip Knife | Doppler (Black Pearl)","Minimal Wear","No","893.38","skinport-listing-suggested"
"★ Flip Knife | Doppler (Black Pearl)","Minimal Wear","Yes","","No verified quote"
"★ Flip Knife | Doppler (Phase 1)","Factory New","No","255.00","skinport-30d-median"
"★ Flip Knife | Doppler (Phase 1)","Factory New","Yes","235.53","skinport-30d-median"
"★ Flip Knife | Doppler (Phase 1)","Minimal Wear","No","263.62","skinport-90d-median"
"★ Flip Knife | Doppler (Phase 1)","Minimal Wear","Yes","358.66","skinport-listing-suggested"
"★ Flip Knife | Doppler (Phase 2)","Factory New","No","322.51","skinport-30d-median"
"★ Flip Knife | Doppler (Phase 2)","Factory New","Yes","279.51","skinport-30d-median"
"★ Flip Knife | Doppler (Phase 2)","Minimal Wear","No","301.11","skinport-30d-median"
"★ Flip Knife | Doppler (Phase 2)","Minimal Wear","Yes","235.89","skinport-listing-suggested"
"★ Flip Knife | Doppler (Phase 3)","Factory New","No","269.96","skinport-30d-median"
"★ Flip Knife | Doppler (Phase 3)","Factory New","Yes","263.18","skinport-90d-median"
"★ Flip Knife | Doppler (Phase 3)","Minimal Wear","No","262.36","skinport-30d-median"
"★ Flip Knife | Doppler (Phase 3)","Minimal Wear","Yes","442.71","skinport-listing-suggested"
"★ Flip Knife | Doppler (Phase 4)","Factory New","No","282.62","skinport-30d-median"
"★ Flip Knife | Doppler (Phase 4)","Factory New","Yes","237.11","skinport-30d-median"
"★ Flip Knife | Doppler (Phase 4)","Minimal Wear","No","247.30","skinport-90d-median"
"★ Flip Knife | Doppler (Phase 4)","Minimal Wear","Yes","535.09","skinport-listing-suggested"
"★ Flip Knife | Gamma Doppler (Emerald)","Factory New","No","1075.06","skinport-30d-median"
"★ Flip Knife | Gamma Doppler (Emerald)","Factory New","Yes","","No verified quote"
"★ Flip Knife | Gamma Doppler (Emerald)","Minimal Wear","No","2104.58","skinport-listing-suggested"
"★ Flip Knife | Gamma Doppler (Emerald)","Minimal Wear","Yes","","No verified quote"
"★ Flip Knife | Gamma Doppler (Phase 1)","Factory New","No","337.00","skinport-30d-median"
"★ Flip Knife | Gamma Doppler (Phase 1)","Factory New","Yes","347.83","skinport-90d-median"
"★ Flip Knife | Gamma Doppler (Phase 1)","Minimal Wear","No","","No verified quote"
"★ Flip Knife | Gamma Doppler (Phase 1)","Minimal Wear","Yes","447.87","skinport-listing-suggested"
"★ Flip Knife | Gamma Doppler (Phase 2)","Factory New","No","386.28","skinport-30d-median"
"★ Flip Knife | Gamma Doppler (Phase 2)","Factory New","Yes","374.67","skinport-30d-median"
"★ Flip Knife | Gamma Doppler (Phase 2)","Minimal Wear","No","386.00","skinport-30d-median"
"★ Flip Knife | Gamma Doppler (Phase 2)","Minimal Wear","Yes","796.93","skinport-listing-suggested"
"★ Flip Knife | Gamma Doppler (Phase 3)","Factory New","No","310.81","skinport-30d-median"
"★ Flip Knife | Gamma Doppler (Phase 3)","Factory New","Yes","321.42","skinport-90d-median"
"★ Flip Knife | Gamma Doppler (Phase 3)","Minimal Wear","No","363.68","skinport-listing-suggested"
"★ Flip Knife | Gamma Doppler (Phase 3)","Minimal Wear","Yes","624.69","skinport-listing-suggested"
"★ Flip Knife | Gamma Doppler (Phase 4)","Factory New","No","325.00","skinport-30d-median"
"★ Flip Knife | Gamma Doppler (Phase 4)","Factory New","Yes","327.15","skinport-30d-median"
"★ Flip Knife | Gamma Doppler (Phase 4)","Minimal Wear","No","311.40","skinport-30d-median"
"★ Flip Knife | Gamma Doppler (Phase 4)","Minimal Wear","Yes","645.51","skinport-listing-suggested"
"★ Gut Knife | Doppler (Ruby)","Factory New","No","440.99","skinport-30d-median"
"★ Gut Knife | Doppler (Ruby)","Factory New","Yes","","No verified quote"
"★ Gut Knife | Doppler (Ruby)","Minimal Wear","No","456.72","skinport-listing-suggested"
"★ Gut Knife | Doppler (Ruby)","Minimal Wear","Yes","144.57","skinport-listing-suggested"
"★ Gut Knife | Doppler (Sapphire)","Factory New","No","274.44","skinport-30d-median"
"★ Gut Knife | Doppler (Sapphire)","Factory New","Yes","302.21","skinport-90d-median"
"★ Gut Knife | Doppler (Sapphire)","Minimal Wear","No","380.45","skinport-listing-suggested"
"★ Gut Knife | Doppler (Sapphire)","Minimal Wear","Yes","","No verified quote"
"★ Gut Knife | Doppler (Black Pearl)","Factory New","No","430.68","skinport-30d-median"
"★ Gut Knife | Doppler (Black Pearl)","Factory New","Yes","371.57","skinport-listing-suggested"
"★ Gut Knife | Doppler (Black Pearl)","Minimal Wear","No","145.32","skinport-listing-suggested"
"★ Gut Knife | Doppler (Black Pearl)","Minimal Wear","Yes","","No verified quote"
"★ Gut Knife | Doppler (Phase 1)","Factory New","No","100.00","skinport-30d-median"
"★ Gut Knife | Doppler (Phase 1)","Factory New","Yes","105.60","skinport-30d-median"
"★ Gut Knife | Doppler (Phase 1)","Minimal Wear","No","116.83","skinport-90d-median"
"★ Gut Knife | Doppler (Phase 1)","Minimal Wear","Yes","223.37","skinport-listing-suggested"
"★ Gut Knife | Doppler (Phase 2)","Factory New","No","125.51","skinport-30d-median"
"★ Gut Knife | Doppler (Phase 2)","Factory New","Yes","122.39","skinport-30d-median"
"★ Gut Knife | Doppler (Phase 2)","Minimal Wear","No","124.06","skinport-90d-median"
"★ Gut Knife | Doppler (Phase 2)","Minimal Wear","Yes","253.64","skinport-listing-suggested"
"★ Gut Knife | Doppler (Phase 3)","Factory New","No","99.28","skinport-30d-median"
"★ Gut Knife | Doppler (Phase 3)","Factory New","Yes","112.38","skinport-90d-median"
"★ Gut Knife | Doppler (Phase 3)","Minimal Wear","No","","No verified quote"
"★ Gut Knife | Doppler (Phase 3)","Minimal Wear","Yes","188.09","skinport-listing-suggested"
"★ Gut Knife | Doppler (Phase 4)","Factory New","No","97.86","skinport-30d-median"
"★ Gut Knife | Doppler (Phase 4)","Factory New","Yes","104.64","skinport-30d-median"
"★ Gut Knife | Doppler (Phase 4)","Minimal Wear","No","96.33","skinport-30d-median"
"★ Gut Knife | Doppler (Phase 4)","Minimal Wear","Yes","217.47","skinport-listing-suggested"
"★ Gut Knife | Gamma Doppler (Emerald)","Factory New","No","316.74","skinport-30d-median"
"★ Gut Knife | Gamma Doppler (Emerald)","Factory New","Yes","374.46","skinport-90d-median"
"★ Gut Knife | Gamma Doppler (Emerald)","Minimal Wear","No","470.85","skinport-listing-suggested"
"★ Gut Knife | Gamma Doppler (Emerald)","Minimal Wear","Yes","","No verified quote"
"★ Gut Knife | Gamma Doppler (Phase 1)","Factory New","No","129.94","skinport-30d-median"
"★ Gut Knife | Gamma Doppler (Phase 1)","Factory New","Yes","133.54","skinport-30d-median"
"★ Gut Knife | Gamma Doppler (Phase 1)","Minimal Wear","No","157.50","skinport-90d-median"
"★ Gut Knife | Gamma Doppler (Phase 1)","Minimal Wear","Yes","381.27","skinport-listing-suggested"
"★ Gut Knife | Gamma Doppler (Phase 2)","Factory New","No","141.99","skinport-30d-median"
"★ Gut Knife | Gamma Doppler (Phase 2)","Factory New","Yes","237.03","skinport-listing-suggested"
"★ Gut Knife | Gamma Doppler (Phase 2)","Minimal Wear","No","231.08","skinport-90d-median"
"★ Gut Knife | Gamma Doppler (Phase 2)","Minimal Wear","Yes","","No verified quote"
"★ Gut Knife | Gamma Doppler (Phase 3)","Factory New","No","131.37","skinport-30d-median"
"★ Gut Knife | Gamma Doppler (Phase 3)","Factory New","Yes","","No verified quote"
"★ Gut Knife | Gamma Doppler (Phase 3)","Minimal Wear","No","","No verified quote"
"★ Gut Knife | Gamma Doppler (Phase 3)","Minimal Wear","Yes","381.27","skinport-listing-suggested"
"★ Gut Knife | Gamma Doppler (Phase 4)","Factory New","No","114.85","skinport-30d-median"
"★ Gut Knife | Gamma Doppler (Phase 4)","Factory New","Yes","143.43","skinport-30d-median"
"★ Gut Knife | Gamma Doppler (Phase 4)","Minimal Wear","No","228.36","skinport-listing-suggested"
"★ Gut Knife | Gamma Doppler (Phase 4)","Minimal Wear","Yes","381.27","skinport-listing-suggested"
"★ Karambit | Doppler (Ruby)","Factory New","No","6373.21","skinport-30d-median"
"★ Karambit | Doppler (Ruby)","Factory New","Yes","6437.01","skinport-listing-suggested"
"★ Karambit | Doppler (Ruby)","Minimal Wear","No","4702.71","skinport-listing-suggested"
"★ Karambit | Doppler (Ruby)","Minimal Wear","Yes","","No verified quote"
"★ Karambit | Doppler (Sapphire)","Factory New","No","3659.23","skinport-90d-median"
"★ Karambit | Doppler (Sapphire)","Factory New","Yes","3470.41","skinport-90d-median"
"★ Karambit | Doppler (Sapphire)","Minimal Wear","No","6556.61","skinport-listing-suggested"
"★ Karambit | Doppler (Sapphire)","Minimal Wear","Yes","1360.02","skinport-listing-suggested"
"★ Karambit | Doppler (Black Pearl)","Factory New","No","8550.00","skinport-30d-median"
"★ Karambit | Doppler (Black Pearl)","Factory New","Yes","2449.04","skinport-listing-suggested"
"★ Karambit | Doppler (Black Pearl)","Minimal Wear","No","1308.57","skinport-listing-suggested"
"★ Karambit | Doppler (Black Pearl)","Minimal Wear","Yes","1360.02","skinport-listing-suggested"
"★ Karambit | Doppler (Phase 1)","Factory New","No","1101.42","skinport-30d-median"
"★ Karambit | Doppler (Phase 1)","Factory New","Yes","976.70","skinport-30d-median"
"★ Karambit | Doppler (Phase 1)","Minimal Wear","No","1021.46","skinport-90d-median"
"★ Karambit | Doppler (Phase 1)","Minimal Wear","Yes","736.48","skinport-listing-suggested"
"★ Karambit | Doppler (Phase 2)","Factory New","No","1564.34","skinport-30d-median"
"★ Karambit | Doppler (Phase 2)","Factory New","Yes","1480.81","skinport-30d-median"
"★ Karambit | Doppler (Phase 2)","Minimal Wear","No","1817.76","skinport-listing-suggested"
"★ Karambit | Doppler (Phase 2)","Minimal Wear","Yes","1353.53","skinport-listing-suggested"
"★ Karambit | Doppler (Phase 3)","Factory New","No","1062.18","skinport-30d-median"
"★ Karambit | Doppler (Phase 3)","Factory New","Yes","1067.56","skinport-30d-median"
"★ Karambit | Doppler (Phase 3)","Minimal Wear","No","1008.64","skinport-90d-median"
"★ Karambit | Doppler (Phase 3)","Minimal Wear","Yes","1036.68","skinport-90d-median"
"★ Karambit | Doppler (Phase 4)","Factory New","No","1130.51","skinport-30d-median"
"★ Karambit | Doppler (Phase 4)","Factory New","Yes","1076.59","skinport-30d-median"
"★ Karambit | Doppler (Phase 4)","Minimal Wear","No","1048.72","skinport-90d-median"
"★ Karambit | Doppler (Phase 4)","Minimal Wear","Yes","994.24","skinport-listing-suggested"
"★ Karambit | Gamma Doppler (Emerald)","Factory New","No","8850.00","skinport-30d-median"
"★ Karambit | Gamma Doppler (Emerald)","Factory New","Yes","","No verified quote"
"★ Karambit | Gamma Doppler (Emerald)","Minimal Wear","No","5962.73","skinport-listing-suggested"
"★ Karambit | Gamma Doppler (Emerald)","Minimal Wear","Yes","1549.88","skinport-listing-suggested"
"★ Karambit | Gamma Doppler (Phase 1)","Factory New","No","1507.76","skinport-30d-median"
"★ Karambit | Gamma Doppler (Phase 1)","Factory New","Yes","1610.00","skinport-30d-median"
"★ Karambit | Gamma Doppler (Phase 1)","Minimal Wear","No","2754.40","skinport-listing-suggested"
"★ Karambit | Gamma Doppler (Phase 1)","Minimal Wear","Yes","2210.53","skinport-listing-suggested"
"★ Karambit | Gamma Doppler (Phase 2)","Factory New","No","2105.20","skinport-30d-median"
"★ Karambit | Gamma Doppler (Phase 2)","Factory New","Yes","1873.13","skinport-30d-median"
"★ Karambit | Gamma Doppler (Phase 2)","Minimal Wear","No","2000.00","skinport-listing-median"
"★ Karambit | Gamma Doppler (Phase 2)","Minimal Wear","Yes","1742.64","skinport-listing-suggested"
"★ Karambit | Gamma Doppler (Phase 3)","Factory New","No","1366.76","skinport-30d-median"
"★ Karambit | Gamma Doppler (Phase 3)","Factory New","Yes","1554.54","skinport-30d-median"
"★ Karambit | Gamma Doppler (Phase 3)","Minimal Wear","No","1400.00","skinport-90d-median"
"★ Karambit | Gamma Doppler (Phase 3)","Minimal Wear","Yes","1545.27","skinport-listing-suggested"
"★ Karambit | Gamma Doppler (Phase 4)","Factory New","No","1436.85","skinport-30d-median"
"★ Karambit | Gamma Doppler (Phase 4)","Factory New","Yes","1385.00","skinport-30d-median"
"★ Karambit | Gamma Doppler (Phase 4)","Minimal Wear","No","1420.54","skinport-listing-suggested"
"★ Karambit | Gamma Doppler (Phase 4)","Minimal Wear","Yes","1433.34","skinport-listing-suggested"
"★ M9 Bayonet | Doppler (Ruby)","Factory New","No","","No verified quote"
"★ M9 Bayonet | Doppler (Ruby)","Factory New","Yes","5551.33","skinport-30d-median"
"★ M9 Bayonet | Doppler (Ruby)","Minimal Wear","No","6656.78","skinport-listing-suggested"
"★ M9 Bayonet | Doppler (Ruby)","Minimal Wear","Yes","1043.93","skinport-listing-suggested"
"★ M9 Bayonet | Doppler (Sapphire)","Factory New","No","3778.78","skinport-30d-median"
"★ M9 Bayonet | Doppler (Sapphire)","Factory New","Yes","3699.00","skinport-90d-median"
"★ M9 Bayonet | Doppler (Sapphire)","Minimal Wear","No","5880.67","skinport-listing-suggested"
"★ M9 Bayonet | Doppler (Sapphire)","Minimal Wear","Yes","1043.93","skinport-listing-suggested"
"★ M9 Bayonet | Doppler (Black Pearl)","Factory New","No","7526.18","skinport-listing-suggested"
"★ M9 Bayonet | Doppler (Black Pearl)","Factory New","Yes","8095.80","skinport-listing-suggested"
"★ M9 Bayonet | Doppler (Black Pearl)","Minimal Wear","No","1051.41","skinport-listing-suggested"
"★ M9 Bayonet | Doppler (Black Pearl)","Minimal Wear","Yes","","No verified quote"
"★ M9 Bayonet | Doppler (Phase 1)","Factory New","No","787.03","skinport-30d-median"
"★ M9 Bayonet | Doppler (Phase 1)","Factory New","Yes","745.00","skinport-30d-median"
"★ M9 Bayonet | Doppler (Phase 1)","Minimal Wear","No","782.00","skinport-listing-median"
"★ M9 Bayonet | Doppler (Phase 1)","Minimal Wear","Yes","685.12","skinport-listing-suggested"
"★ M9 Bayonet | Doppler (Phase 2)","Factory New","No","1088.36","skinport-30d-median"
"★ M9 Bayonet | Doppler (Phase 2)","Factory New","Yes","989.80","skinport-90d-median"
"★ M9 Bayonet | Doppler (Phase 2)","Minimal Wear","No","1037.60","skinport-90d-median"
"★ M9 Bayonet | Doppler (Phase 2)","Minimal Wear","Yes","798.01","skinport-90d-median"
"★ M9 Bayonet | Doppler (Phase 3)","Factory New","No","799.70","skinport-30d-median"
"★ M9 Bayonet | Doppler (Phase 3)","Factory New","Yes","780.02","skinport-90d-median"
"★ M9 Bayonet | Doppler (Phase 3)","Minimal Wear","No","837.89","skinport-90d-median"
"★ M9 Bayonet | Doppler (Phase 3)","Minimal Wear","Yes","689.61","skinport-90d-median"
"★ M9 Bayonet | Doppler (Phase 4)","Factory New","No","936.52","skinport-30d-median"
"★ M9 Bayonet | Doppler (Phase 4)","Factory New","Yes","892.72","skinport-30d-median"
"★ M9 Bayonet | Doppler (Phase 4)","Minimal Wear","No","799.60","skinport-90d-median"
"★ M9 Bayonet | Doppler (Phase 4)","Minimal Wear","Yes","740.06","skinport-listing-suggested"
"★ M9 Bayonet | Gamma Doppler (Emerald)","Factory New","No","5696.95","skinport-30d-median"
"★ M9 Bayonet | Gamma Doppler (Emerald)","Factory New","Yes","7987.71","skinport-listing-suggested"
"★ M9 Bayonet | Gamma Doppler (Emerald)","Minimal Wear","No","5925.16","skinport-listing-suggested"
"★ M9 Bayonet | Gamma Doppler (Emerald)","Minimal Wear","Yes","","No verified quote"
"★ M9 Bayonet | Gamma Doppler (Phase 1)","Factory New","No","1091.48","skinport-30d-median"
"★ M9 Bayonet | Gamma Doppler (Phase 1)","Factory New","Yes","942.10","skinport-30d-median"
"★ M9 Bayonet | Gamma Doppler (Phase 1)","Minimal Wear","No","1129.37","skinport-90d-median"
"★ M9 Bayonet | Gamma Doppler (Phase 1)","Minimal Wear","Yes","1596.79","skinport-listing-suggested"
"★ M9 Bayonet | Gamma Doppler (Phase 2)","Factory New","No","1356.65","skinport-30d-median"
"★ M9 Bayonet | Gamma Doppler (Phase 2)","Factory New","Yes","1171.10","skinport-30d-median"
"★ M9 Bayonet | Gamma Doppler (Phase 2)","Minimal Wear","No","1113.86","skinport-30d-median"
"★ M9 Bayonet | Gamma Doppler (Phase 2)","Minimal Wear","Yes","1942.11","skinport-listing-suggested"
"★ M9 Bayonet | Gamma Doppler (Phase 3)","Factory New","No","1000.00","skinport-30d-median"
"★ M9 Bayonet | Gamma Doppler (Phase 3)","Factory New","Yes","960.96","skinport-30d-median"
"★ M9 Bayonet | Gamma Doppler (Phase 3)","Minimal Wear","No","1000.00","skinport-90d-median"
"★ M9 Bayonet | Gamma Doppler (Phase 3)","Minimal Wear","Yes","1596.79","skinport-listing-suggested"
"★ M9 Bayonet | Gamma Doppler (Phase 4)","Factory New","No","993.64","skinport-30d-median"
"★ M9 Bayonet | Gamma Doppler (Phase 4)","Factory New","Yes","1030.67","skinport-30d-median"
"★ M9 Bayonet | Gamma Doppler (Phase 4)","Minimal Wear","No","947.68","skinport-90d-median"
"★ M9 Bayonet | Gamma Doppler (Phase 4)","Minimal Wear","Yes","1205.42","skinport-listing-suggested"
"★ Huntsman Knife | Doppler (Ruby)","Factory New","No","698.61","skinport-30d-median"
"★ Huntsman Knife | Doppler (Ruby)","Factory New","Yes","820.00","skinport-90d-median"
"★ Huntsman Knife | Doppler (Ruby)","Minimal Wear","No","701.92","skinport-30d-median"
"★ Huntsman Knife | Doppler (Ruby)","Minimal Wear","Yes","1390.87","skinport-listing-suggested"
"★ Huntsman Knife | Doppler (Sapphire)","Factory New","No","471.88","skinport-30d-median"
"★ Huntsman Knife | Doppler (Sapphire)","Factory New","Yes","768.01","skinport-listing-median"
"★ Huntsman Knife | Doppler (Sapphire)","Minimal Wear","No","873.36","skinport-listing-median"
"★ Huntsman Knife | Doppler (Sapphire)","Minimal Wear","Yes","1521.73","skinport-listing-suggested"
"★ Huntsman Knife | Doppler (Black Pearl)","Factory New","No","890.76","skinport-30d-median"
"★ Huntsman Knife | Doppler (Black Pearl)","Factory New","Yes","1374.05","skinport-listing-suggested"
"★ Huntsman Knife | Doppler (Black Pearl)","Minimal Wear","No","1496.86","skinport-listing-suggested"
"★ Huntsman Knife | Doppler (Black Pearl)","Minimal Wear","Yes","","No verified quote"
"★ Huntsman Knife | Doppler (Phase 1)","Factory New","No","245.00","skinport-30d-median"
"★ Huntsman Knife | Doppler (Phase 1)","Factory New","Yes","254.51","skinport-90d-median"
"★ Huntsman Knife | Doppler (Phase 1)","Minimal Wear","No","249.99","skinport-30d-median"
"★ Huntsman Knife | Doppler (Phase 1)","Minimal Wear","Yes","779.34","skinport-listing-suggested"
"★ Huntsman Knife | Doppler (Phase 2)","Factory New","No","260.93","skinport-30d-median"
"★ Huntsman Knife | Doppler (Phase 2)","Factory New","Yes","326.78","skinport-90d-median"
"★ Huntsman Knife | Doppler (Phase 2)","Minimal Wear","No","281.72","skinport-90d-median"
"★ Huntsman Knife | Doppler (Phase 2)","Minimal Wear","Yes","282.03","skinport-30d-median"
"★ Huntsman Knife | Doppler (Phase 3)","Factory New","No","214.91","skinport-30d-median"
"★ Huntsman Knife | Doppler (Phase 3)","Factory New","Yes","239.55","skinport-30d-median"
"★ Huntsman Knife | Doppler (Phase 3)","Minimal Wear","No","258.15","skinport-30d-median"
"★ Huntsman Knife | Doppler (Phase 3)","Minimal Wear","Yes","307.50","skinport-listing-suggested"
"★ Huntsman Knife | Doppler (Phase 4)","Factory New","No","277.56","skinport-30d-median"
"★ Huntsman Knife | Doppler (Phase 4)","Factory New","Yes","242.66","skinport-30d-median"
"★ Huntsman Knife | Doppler (Phase 4)","Minimal Wear","No","319.36","skinport-90d-median"
"★ Huntsman Knife | Doppler (Phase 4)","Minimal Wear","Yes","580.20","skinport-listing-suggested"
"★ Huntsman Knife | Gamma Doppler (Emerald)","Factory New","No","480.10","skinport-30d-median"
"★ Huntsman Knife | Gamma Doppler (Emerald)","Factory New","Yes","528.87","skinport-30d-median"
"★ Huntsman Knife | Gamma Doppler (Emerald)","Minimal Wear","No","514.74","skinport-30d-median"
"★ Huntsman Knife | Gamma Doppler (Emerald)","Minimal Wear","Yes","280.51","skinport-listing-suggested"
"★ Huntsman Knife | Gamma Doppler (Phase 1)","Factory New","No","183.82","skinport-30d-median"
"★ Huntsman Knife | Gamma Doppler (Phase 1)","Factory New","Yes","188.96","skinport-30d-median"
"★ Huntsman Knife | Gamma Doppler (Phase 1)","Minimal Wear","No","170.15","skinport-30d-median"
"★ Huntsman Knife | Gamma Doppler (Phase 1)","Minimal Wear","Yes","221.50","skinport-listing-suggested"
"★ Huntsman Knife | Gamma Doppler (Phase 2)","Factory New","No","203.88","skinport-30d-median"
"★ Huntsman Knife | Gamma Doppler (Phase 2)","Factory New","Yes","204.47","skinport-30d-median"
"★ Huntsman Knife | Gamma Doppler (Phase 2)","Minimal Wear","No","250.00","skinport-30d-median"
"★ Huntsman Knife | Gamma Doppler (Phase 2)","Minimal Wear","Yes","256.71","skinport-30d-median"
"★ Huntsman Knife | Gamma Doppler (Phase 3)","Factory New","No","171.40","skinport-30d-median"
"★ Huntsman Knife | Gamma Doppler (Phase 3)","Factory New","Yes","175.73","skinport-30d-median"
"★ Huntsman Knife | Gamma Doppler (Phase 3)","Minimal Wear","No","170.68","skinport-30d-median"
"★ Huntsman Knife | Gamma Doppler (Phase 3)","Minimal Wear","Yes","431.76","skinport-listing-suggested"
"★ Huntsman Knife | Gamma Doppler (Phase 4)","Factory New","No","170.00","skinport-30d-median"
"★ Huntsman Knife | Gamma Doppler (Phase 4)","Factory New","Yes","166.25","skinport-30d-median"
"★ Huntsman Knife | Gamma Doppler (Phase 4)","Minimal Wear","No","188.75","skinport-30d-median"
"★ Huntsman Knife | Gamma Doppler (Phase 4)","Minimal Wear","Yes","314.69","skinport-listing-suggested"
"★ Falchion Knife | Doppler (Ruby)","Factory New","No","615.99","skinport-30d-median"
"★ Falchion Knife | Doppler (Ruby)","Factory New","Yes","572.28","skinport-30d-median"
"★ Falchion Knife | Doppler (Ruby)","Minimal Wear","No","591.40","skinport-30d-median"
"★ Falchion Knife | Doppler (Ruby)","Minimal Wear","Yes","1227.58","skinport-listing-suggested"
"★ Falchion Knife | Doppler (Sapphire)","Factory New","No","430.76","skinport-30d-median"
"★ Falchion Knife | Doppler (Sapphire)","Factory New","Yes","650.00","skinport-90d-median"
"★ Falchion Knife | Doppler (Sapphire)","Minimal Wear","No","704.21","skinport-listing-suggested"
"★ Falchion Knife | Doppler (Sapphire)","Minimal Wear","Yes","322.48","skinport-listing-suggested"
"★ Falchion Knife | Doppler (Black Pearl)","Factory New","No","800.00","skinport-30d-median"
"★ Falchion Knife | Doppler (Black Pearl)","Factory New","Yes","582.02","skinport-listing-suggested"
"★ Falchion Knife | Doppler (Black Pearl)","Minimal Wear","No","1088.66","skinport-listing-suggested"
"★ Falchion Knife | Doppler (Black Pearl)","Minimal Wear","Yes","","No verified quote"
"★ Falchion Knife | Doppler (Phase 1)","Factory New","No","245.47","skinport-30d-median"
"★ Falchion Knife | Doppler (Phase 1)","Factory New","Yes","298.20","skinport-90d-median"
"★ Falchion Knife | Doppler (Phase 1)","Minimal Wear","No","343.75","skinport-listing-suggested"
"★ Falchion Knife | Doppler (Phase 1)","Minimal Wear","Yes","","No verified quote"
"★ Falchion Knife | Doppler (Phase 2)","Factory New","No","285.66","skinport-30d-median"
"★ Falchion Knife | Doppler (Phase 2)","Factory New","Yes","299.65","skinport-90d-median"
"★ Falchion Knife | Doppler (Phase 2)","Minimal Wear","No","293.80","skinport-30d-median"
"★ Falchion Knife | Doppler (Phase 2)","Minimal Wear","Yes","322.48","skinport-listing-suggested"
"★ Falchion Knife | Doppler (Phase 3)","Factory New","No","250.28","skinport-30d-median"
"★ Falchion Knife | Doppler (Phase 3)","Factory New","Yes","262.91","skinport-30d-median"
"★ Falchion Knife | Doppler (Phase 3)","Minimal Wear","No","200.58","skinport-90d-median"
"★ Falchion Knife | Doppler (Phase 3)","Minimal Wear","Yes","365.82","skinport-listing-suggested"
"★ Falchion Knife | Doppler (Phase 4)","Factory New","No","253.88","skinport-30d-median"
"★ Falchion Knife | Doppler (Phase 4)","Factory New","Yes","260.15","skinport-30d-median"
"★ Falchion Knife | Doppler (Phase 4)","Minimal Wear","No","221.06","skinport-90d-median"
"★ Falchion Knife | Doppler (Phase 4)","Minimal Wear","Yes","322.48","skinport-listing-suggested"
"★ Falchion Knife | Gamma Doppler (Emerald)","Factory New","No","400.00","skinport-30d-median"
"★ Falchion Knife | Gamma Doppler (Emerald)","Factory New","Yes","447.76","skinport-30d-median"
"★ Falchion Knife | Gamma Doppler (Emerald)","Minimal Wear","No","","No verified quote"
"★ Falchion Knife | Gamma Doppler (Emerald)","Minimal Wear","Yes","725.11","skinport-listing-suggested"
"★ Falchion Knife | Gamma Doppler (Phase 1)","Factory New","No","198.14","skinport-30d-median"
"★ Falchion Knife | Gamma Doppler (Phase 1)","Factory New","Yes","187.67","skinport-30d-median"
"★ Falchion Knife | Gamma Doppler (Phase 1)","Minimal Wear","No","210.55","skinport-30d-median"
"★ Falchion Knife | Gamma Doppler (Phase 1)","Minimal Wear","Yes","368.49","skinport-listing-suggested"
"★ Falchion Knife | Gamma Doppler (Phase 2)","Factory New","No","198.22","skinport-30d-median"
"★ Falchion Knife | Gamma Doppler (Phase 2)","Factory New","Yes","173.13","skinport-30d-median"
"★ Falchion Knife | Gamma Doppler (Phase 2)","Minimal Wear","No","201.08","skinport-90d-median"
"★ Falchion Knife | Gamma Doppler (Phase 2)","Minimal Wear","Yes","298.51","skinport-listing-median"
"★ Falchion Knife | Gamma Doppler (Phase 3)","Factory New","No","176.86","skinport-30d-median"
"★ Falchion Knife | Gamma Doppler (Phase 3)","Factory New","Yes","187.89","skinport-30d-median"
"★ Falchion Knife | Gamma Doppler (Phase 3)","Minimal Wear","No","189.80","skinport-90d-median"
"★ Falchion Knife | Gamma Doppler (Phase 3)","Minimal Wear","Yes","275.22","skinport-90d-median"
"★ Falchion Knife | Gamma Doppler (Phase 4)","Factory New","No","180.00","skinport-30d-median"
"★ Falchion Knife | Gamma Doppler (Phase 4)","Factory New","Yes","178.21","skinport-30d-median"
"★ Falchion Knife | Gamma Doppler (Phase 4)","Minimal Wear","No","186.48","skinport-30d-median"
"★ Falchion Knife | Gamma Doppler (Phase 4)","Minimal Wear","Yes","404.24","skinport-listing-suggested"
"★ Bowie Knife | Doppler (Ruby)","Factory New","No","652.08","skinport-30d-median"
"★ Bowie Knife | Doppler (Ruby)","Factory New","Yes","1100.00","skinport-listing-median"
"★ Bowie Knife | Doppler (Ruby)","Minimal Wear","No","582.82","skinport-30d-median"
"★ Bowie Knife | Doppler (Ruby)","Minimal Wear","Yes","1380.68","skinport-listing-suggested"
"★ Bowie Knife | Doppler (Sapphire)","Factory New","No","350.00","skinport-30d-median"
"★ Bowie Knife | Doppler (Sapphire)","Factory New","Yes","504.04","skinport-listing-median"
"★ Bowie Knife | Doppler (Sapphire)","Minimal Wear","No","","No verified quote"
"★ Bowie Knife | Doppler (Sapphire)","Minimal Wear","Yes","840.44","skinport-listing-suggested"
"★ Bowie Knife | Doppler (Black Pearl)","Factory New","No","862.68","skinport-30d-median"
"★ Bowie Knife | Doppler (Black Pearl)","Factory New","Yes","838.07","skinport-listing-suggested"
"★ Bowie Knife | Doppler (Black Pearl)","Minimal Wear","No","513.45","skinport-listing-suggested"
"★ Bowie Knife | Doppler (Black Pearl)","Minimal Wear","Yes","","No verified quote"
"★ Bowie Knife | Doppler (Phase 1)","Factory New","No","222.32","skinport-30d-median"
"★ Bowie Knife | Doppler (Phase 1)","Factory New","Yes","212.33","skinport-30d-median"
"★ Bowie Knife | Doppler (Phase 1)","Minimal Wear","No","318.52","skinport-listing-suggested"
"★ Bowie Knife | Doppler (Phase 1)","Minimal Wear","Yes","381.27","skinport-listing-suggested"
"★ Bowie Knife | Doppler (Phase 2)","Factory New","No","229.75","skinport-30d-median"
"★ Bowie Knife | Doppler (Phase 2)","Factory New","Yes","304.32","skinport-90d-median"
"★ Bowie Knife | Doppler (Phase 2)","Minimal Wear","No","279.13","skinport-90d-median"
"★ Bowie Knife | Doppler (Phase 2)","Minimal Wear","Yes","","No verified quote"
"★ Bowie Knife | Doppler (Phase 3)","Factory New","No","192.36","skinport-30d-median"
"★ Bowie Knife | Doppler (Phase 3)","Factory New","Yes","231.92","skinport-90d-median"
"★ Bowie Knife | Doppler (Phase 3)","Minimal Wear","No","265.72","skinport-30d-median"
"★ Bowie Knife | Doppler (Phase 3)","Minimal Wear","Yes","255.71","skinport-90d-median"
"★ Bowie Knife | Doppler (Phase 4)","Factory New","No","252.49","skinport-30d-median"
"★ Bowie Knife | Doppler (Phase 4)","Factory New","Yes","","No verified quote"
"★ Bowie Knife | Doppler (Phase 4)","Minimal Wear","No","409.79","skinport-listing-suggested"
"★ Bowie Knife | Doppler (Phase 4)","Minimal Wear","Yes","600.00","skinport-listing-suggested"
"★ Bowie Knife | Gamma Doppler (Emerald)","Factory New","No","381.42","skinport-30d-median"
"★ Bowie Knife | Gamma Doppler (Emerald)","Factory New","Yes","415.80","skinport-30d-median"
"★ Bowie Knife | Gamma Doppler (Emerald)","Minimal Wear","No","439.83","skinport-30d-median"
"★ Bowie Knife | Gamma Doppler (Emerald)","Minimal Wear","Yes","771.46","skinport-listing-suggested"
"★ Bowie Knife | Gamma Doppler (Phase 1)","Factory New","No","158.96","skinport-30d-median"
"★ Bowie Knife | Gamma Doppler (Phase 1)","Factory New","Yes","158.42","skinport-30d-median"
"★ Bowie Knife | Gamma Doppler (Phase 1)","Minimal Wear","No","181.78","skinport-90d-median"
"★ Bowie Knife | Gamma Doppler (Phase 1)","Minimal Wear","Yes","403.79","skinport-listing-suggested"
"★ Bowie Knife | Gamma Doppler (Phase 2)","Factory New","No","170.00","skinport-30d-median"
"★ Bowie Knife | Gamma Doppler (Phase 2)","Factory New","Yes","190.00","skinport-30d-median"
"★ Bowie Knife | Gamma Doppler (Phase 2)","Minimal Wear","No","180.03","skinport-30d-median"
"★ Bowie Knife | Gamma Doppler (Phase 2)","Minimal Wear","Yes","351.48","skinport-listing-suggested"
"★ Bowie Knife | Gamma Doppler (Phase 3)","Factory New","No","169.62","skinport-30d-median"
"★ Bowie Knife | Gamma Doppler (Phase 3)","Factory New","Yes","177.70","skinport-90d-median"
"★ Bowie Knife | Gamma Doppler (Phase 3)","Minimal Wear","No","150.99","skinport-30d-median"
"★ Bowie Knife | Gamma Doppler (Phase 3)","Minimal Wear","Yes","376.17","skinport-listing-suggested"
"★ Bowie Knife | Gamma Doppler (Phase 4)","Factory New","No","159.21","skinport-30d-median"
"★ Bowie Knife | Gamma Doppler (Phase 4)","Factory New","Yes","157.77","skinport-30d-median"
"★ Bowie Knife | Gamma Doppler (Phase 4)","Minimal Wear","No","180.00","skinport-90d-median"
"★ Bowie Knife | Gamma Doppler (Phase 4)","Minimal Wear","Yes","247.37","skinport-listing-suggested"
"★ Butterfly Knife | Doppler (Ruby)","Factory New","No","9749.95","skinport-90d-median"
"★ Butterfly Knife | Doppler (Ruby)","Factory New","Yes","6716.40","skinport-listing-suggested"
"★ Butterfly Knife | Doppler (Ruby)","Minimal Wear","No","7794.46","skinport-listing-suggested"
"★ Butterfly Knife | Doppler (Ruby)","Minimal Wear","Yes","6761.21","skinport-listing-suggested"
"★ Butterfly Knife | Doppler (Phase 1)","Factory New","No","1896.33","skinport-30d-median"
"★ Butterfly Knife | Doppler (Phase 1)","Factory New","Yes","2025.08","skinport-listing-median"
"★ Butterfly Knife | Doppler (Phase 1)","Minimal Wear","No","1769.99","skinport-30d-median"
"★ Butterfly Knife | Doppler (Phase 1)","Minimal Wear","Yes","1684.21","skinport-listing-suggested"
"★ Butterfly Knife | Doppler (Phase 3)","Factory New","No","1700.00","skinport-30d-median"
"★ Butterfly Knife | Doppler (Phase 3)","Factory New","Yes","1707.74","skinport-30d-median"
"★ Butterfly Knife | Doppler (Phase 3)","Minimal Wear","No","2002.52","skinport-listing-suggested"
"★ Butterfly Knife | Doppler (Phase 3)","Minimal Wear","Yes","1444.19","skinport-listing-suggested"
"★ Butterfly Knife | Doppler (Phase 4)","Factory New","No","2317.97","skinport-30d-median"
"★ Butterfly Knife | Doppler (Phase 4)","Factory New","Yes","2070.86","skinport-30d-median"
"★ Butterfly Knife | Doppler (Phase 4)","Minimal Wear","No","1447.01","skinport-listing-suggested"
"★ Butterfly Knife | Doppler (Phase 4)","Minimal Wear","Yes","1605.62","skinport-listing-suggested"
"★ Butterfly Knife | Gamma Doppler (Emerald)","Factory New","No","6199.99","skinport-30d-median"
"★ Butterfly Knife | Gamma Doppler (Emerald)","Factory New","Yes","7900.00","skinport-listing-median"
"★ Butterfly Knife | Gamma Doppler (Emerald)","Minimal Wear","No","8568.29","skinport-listing-suggested"
"★ Butterfly Knife | Gamma Doppler (Emerald)","Minimal Wear","Yes","4503.78","skinport-30d-median"
"★ Butterfly Knife | Gamma Doppler (Phase 1)","Factory New","No","1597.49","skinport-30d-median"
"★ Butterfly Knife | Gamma Doppler (Phase 1)","Factory New","Yes","1657.93","skinport-90d-median"
"★ Butterfly Knife | Gamma Doppler (Phase 1)","Minimal Wear","No","1396.74","skinport-30d-median"
"★ Butterfly Knife | Gamma Doppler (Phase 1)","Minimal Wear","Yes","1587.23","skinport-30d-median"
"★ Butterfly Knife | Gamma Doppler (Phase 2)","Factory New","No","1862.00","skinport-30d-median"
"★ Butterfly Knife | Gamma Doppler (Phase 2)","Factory New","Yes","1999.00","skinport-30d-median"
"★ Butterfly Knife | Gamma Doppler (Phase 2)","Minimal Wear","No","1814.99","skinport-90d-median"
"★ Butterfly Knife | Gamma Doppler (Phase 2)","Minimal Wear","Yes","1741.06","skinport-90d-median"
"★ Butterfly Knife | Gamma Doppler (Phase 3)","Factory New","No","1572.64","skinport-30d-median"
"★ Butterfly Knife | Gamma Doppler (Phase 3)","Factory New","Yes","1311.63","skinport-30d-median"
"★ Butterfly Knife | Gamma Doppler (Phase 3)","Minimal Wear","No","1524.31","skinport-30d-median"
"★ Butterfly Knife | Gamma Doppler (Phase 3)","Minimal Wear","Yes","1905.79","skinport-listing-suggested"
"★ Butterfly Knife | Gamma Doppler (Phase 4)","Factory New","No","1475.22","skinport-30d-median"
"★ Butterfly Knife | Gamma Doppler (Phase 4)","Factory New","Yes","1479.50","skinport-30d-median"
"★ Butterfly Knife | Gamma Doppler (Phase 4)","Minimal Wear","No","1502.58","skinport-30d-median"
"★ Butterfly Knife | Gamma Doppler (Phase 4)","Minimal Wear","Yes","1658.24","skinport-90d-median"
"★ Butterfly Knife | Doppler (Black Pearl)","Factory New","No","7736.84","skinport-listing-suggested"
"★ Butterfly Knife | Doppler (Black Pearl)","Factory New","Yes","6790.25","skinport-listing-suggested"
"★ Butterfly Knife | Doppler (Black Pearl)","Minimal Wear","No","3786.24","skinport-listing-suggested"
"★ Butterfly Knife | Doppler (Black Pearl)","Minimal Wear","Yes","2499.31","skinport-listing-suggested"
"★ Butterfly Knife | Doppler (Phase 2)","Factory New","No","3591.64","skinport-30d-median"
"★ Butterfly Knife | Doppler (Phase 2)","Factory New","Yes","","No verified quote"
"★ Butterfly Knife | Doppler (Phase 2)","Minimal Wear","No","4356.19","skinport-listing-suggested"
"★ Butterfly Knife | Doppler (Phase 2)","Minimal Wear","Yes","1679.62","skinport-listing-suggested"
"★ Butterfly Knife | Doppler (Sapphire)","Factory New","No","5699.99","skinport-30d-median"
"★ Butterfly Knife | Doppler (Sapphire)","Factory New","Yes","10160.39","skinport-listing-suggested"
"★ Butterfly Knife | Doppler (Sapphire)","Minimal Wear","No","5263.16","skinport-listing-suggested"
"★ Butterfly Knife | Doppler (Sapphire)","Minimal Wear","Yes","2499.31","skinport-listing-suggested"
"★ Shadow Daggers | Doppler (Ruby)","Factory New","No","294.42","skinport-30d-median"
"★ Shadow Daggers | Doppler (Ruby)","Factory New","Yes","","No verified quote"
"★ Shadow Daggers | Doppler (Ruby)","Minimal Wear","No","429.76","skinport-listing-suggested"
"★ Shadow Daggers | Doppler (Ruby)","Minimal Wear","Yes","","No verified quote"
"★ Shadow Daggers | Doppler (Phase 1)","Factory New","No","100.18","skinport-30d-median"
"★ Shadow Daggers | Doppler (Phase 1)","Factory New","Yes","147.12","skinport-90d-median"
"★ Shadow Daggers | Doppler (Phase 1)","Minimal Wear","No","148.78","skinport-listing-suggested"
"★ Shadow Daggers | Doppler (Phase 1)","Minimal Wear","Yes","286.88","skinport-listing-suggested"
"★ Shadow Daggers | Doppler (Phase 3)","Factory New","No","101.27","skinport-30d-median"
"★ Shadow Daggers | Doppler (Phase 3)","Factory New","Yes","","No verified quote"
"★ Shadow Daggers | Doppler (Phase 3)","Minimal Wear","No","180.34","skinport-90d-median"
"★ Shadow Daggers | Doppler (Phase 3)","Minimal Wear","Yes","","No verified quote"
"★ Shadow Daggers | Doppler (Phase 4)","Factory New","No","118.44","skinport-30d-median"
"★ Shadow Daggers | Doppler (Phase 4)","Factory New","Yes","129.66","skinport-30d-median"
"★ Shadow Daggers | Doppler (Phase 4)","Minimal Wear","No","179.22","skinport-listing-suggested"
"★ Shadow Daggers | Doppler (Phase 4)","Minimal Wear","Yes","401.32","skinport-listing-suggested"
"★ Shadow Daggers | Gamma Doppler (Emerald)","Factory New","No","172.16","skinport-30d-median"
"★ Shadow Daggers | Gamma Doppler (Emerald)","Factory New","Yes","199.42","skinport-30d-median"
"★ Shadow Daggers | Gamma Doppler (Emerald)","Minimal Wear","No","250.00","skinport-30d-median"
"★ Shadow Daggers | Gamma Doppler (Emerald)","Minimal Wear","Yes","445.81","skinport-listing-suggested"
"★ Shadow Daggers | Gamma Doppler (Phase 1)","Factory New","No","86.99","skinport-30d-median"
"★ Shadow Daggers | Gamma Doppler (Phase 1)","Factory New","Yes","98.87","skinport-90d-median"
"★ Shadow Daggers | Gamma Doppler (Phase 1)","Minimal Wear","No","121.02","skinport-listing-suggested"
"★ Shadow Daggers | Gamma Doppler (Phase 1)","Minimal Wear","Yes","192.55","skinport-listing-median"
"★ Shadow Daggers | Gamma Doppler (Phase 2)","Factory New","No","80.96","skinport-30d-median"
"★ Shadow Daggers | Gamma Doppler (Phase 2)","Factory New","Yes","76.65","skinport-30d-median"
"★ Shadow Daggers | Gamma Doppler (Phase 2)","Minimal Wear","No","104.00","skinport-90d-median"
"★ Shadow Daggers | Gamma Doppler (Phase 2)","Minimal Wear","Yes","105.62","skinport-90d-median"
"★ Shadow Daggers | Gamma Doppler (Phase 3)","Factory New","No","88.19","skinport-30d-median"
"★ Shadow Daggers | Gamma Doppler (Phase 3)","Factory New","Yes","76.60","skinport-30d-median"
"★ Shadow Daggers | Gamma Doppler (Phase 3)","Minimal Wear","No","86.14","skinport-30d-median"
"★ Shadow Daggers | Gamma Doppler (Phase 3)","Minimal Wear","Yes","153.67","skinport-listing-suggested"
"★ Shadow Daggers | Gamma Doppler (Phase 4)","Factory New","No","85.64","skinport-30d-median"
"★ Shadow Daggers | Gamma Doppler (Phase 4)","Factory New","Yes","75.00","skinport-30d-median"
"★ Shadow Daggers | Gamma Doppler (Phase 4)","Minimal Wear","No","","No verified quote"
"★ Shadow Daggers | Gamma Doppler (Phase 4)","Minimal Wear","Yes","122.84","skinport-90d-median"
"★ Shadow Daggers | Doppler (Black Pearl)","Factory New","No","479.08","skinport-30d-median"
"★ Shadow Daggers | Doppler (Black Pearl)","Factory New","Yes","456.08","skinport-listing-suggested"
"★ Shadow Daggers | Doppler (Black Pearl)","Minimal Wear","No","525.26","skinport-listing-suggested"
"★ Shadow Daggers | Doppler (Black Pearl)","Minimal Wear","Yes","","No verified quote"
"★ Shadow Daggers | Doppler (Phase 2)","Factory New","No","174.00","skinport-30d-median"
"★ Shadow Daggers | Doppler (Phase 2)","Factory New","Yes","200.16","skinport-30d-median"
"★ Shadow Daggers | Doppler (Phase 2)","Minimal Wear","No","197.89","skinport-listing-suggested"
"★ Shadow Daggers | Doppler (Phase 2)","Minimal Wear","Yes","347.34","skinport-listing-suggested"
"★ Shadow Daggers | Doppler (Sapphire)","Factory New","No","200.00","skinport-30d-median"
"★ Shadow Daggers | Doppler (Sapphire)","Factory New","Yes","222.21","skinport-30d-median"
"★ Shadow Daggers | Doppler (Sapphire)","Minimal Wear","No","263.54","skinport-30d-median"
"★ Shadow Daggers | Doppler (Sapphire)","Minimal Wear","Yes","703.78","skinport-listing-suggested"
"★ Paracord Knife | Doppler (Ruby)","Factory New","No","471.94","skinport-30d-median"
"★ Paracord Knife | Doppler (Ruby)","Factory New","Yes","471.63","skinport-90d-median"
"★ Paracord Knife | Doppler (Ruby)","Minimal Wear","No","459.37","skinport-30d-median"
"★ Paracord Knife | Doppler (Ruby)","Minimal Wear","Yes","336.51","skinport-listing-suggested"
"★ Paracord Knife | Doppler (Sapphire)","Factory New","No","323.94","skinport-30d-median"
"★ Paracord Knife | Doppler (Sapphire)","Factory New","Yes","342.40","skinport-30d-median"
"★ Paracord Knife | Doppler (Sapphire)","Minimal Wear","No","328.87","skinport-90d-median"
"★ Paracord Knife | Doppler (Sapphire)","Minimal Wear","Yes","350.00","skinport-90d-median"
"★ Paracord Knife | Doppler (Black Pearl)","Factory New","No","500.00","skinport-30d-median"
"★ Paracord Knife | Doppler (Black Pearl)","Factory New","Yes","922.83","skinport-listing-suggested"
"★ Paracord Knife | Doppler (Black Pearl)","Minimal Wear","No","","No verified quote"
"★ Paracord Knife | Doppler (Black Pearl)","Minimal Wear","Yes","336.51","skinport-listing-suggested"
"★ Paracord Knife | Doppler (Phase 1)","Factory New","No","171.22","skinport-30d-median"
"★ Paracord Knife | Doppler (Phase 1)","Factory New","Yes","148.38","skinport-30d-median"
"★ Paracord Knife | Doppler (Phase 1)","Minimal Wear","No","190.57","skinport-30d-median"
"★ Paracord Knife | Doppler (Phase 1)","Minimal Wear","Yes","336.51","skinport-listing-suggested"
"★ Paracord Knife | Doppler (Phase 2)","Factory New","No","195.00","skinport-30d-median"
"★ Paracord Knife | Doppler (Phase 2)","Factory New","Yes","196.08","skinport-30d-median"
"★ Paracord Knife | Doppler (Phase 2)","Minimal Wear","No","240.00","skinport-90d-median"
"★ Paracord Knife | Doppler (Phase 2)","Minimal Wear","Yes","274.69","skinport-listing-suggested"
"★ Paracord Knife | Doppler (Phase 3)","Factory New","No","164.49","skinport-30d-median"
"★ Paracord Knife | Doppler (Phase 3)","Factory New","Yes","180.95","skinport-30d-median"
"★ Paracord Knife | Doppler (Phase 3)","Minimal Wear","No","169.02","skinport-30d-median"
"★ Paracord Knife | Doppler (Phase 3)","Minimal Wear","Yes","468.78","skinport-listing-suggested"
"★ Paracord Knife | Doppler (Phase 4)","Factory New","No","180.99","skinport-30d-median"
"★ Paracord Knife | Doppler (Phase 4)","Factory New","Yes","205.76","skinport-90d-median"
"★ Paracord Knife | Doppler (Phase 4)","Minimal Wear","No","204.25","skinport-90d-median"
"★ Paracord Knife | Doppler (Phase 4)","Minimal Wear","Yes","336.51","skinport-listing-suggested"
"★ Survival Knife | Doppler (Ruby)","Factory New","No","364.81","skinport-30d-median"
"★ Survival Knife | Doppler (Ruby)","Factory New","Yes","445.08","skinport-90d-median"
"★ Survival Knife | Doppler (Ruby)","Minimal Wear","No","","No verified quote"
"★ Survival Knife | Doppler (Ruby)","Minimal Wear","Yes","252.89","skinport-listing-suggested"
"★ Survival Knife | Doppler (Sapphire)","Factory New","No","259.00","skinport-30d-median"
"★ Survival Knife | Doppler (Sapphire)","Factory New","Yes","308.53","skinport-90d-median"
"★ Survival Knife | Doppler (Sapphire)","Minimal Wear","No","257.13","skinport-30d-median"
"★ Survival Knife | Doppler (Sapphire)","Minimal Wear","Yes","252.89","skinport-listing-suggested"
"★ Survival Knife | Doppler (Black Pearl)","Factory New","No","405.86","skinport-30d-median"
"★ Survival Knife | Doppler (Black Pearl)","Factory New","Yes","547.00","skinport-90d-median"
"★ Survival Knife | Doppler (Black Pearl)","Minimal Wear","No","489.96","skinport-listing-suggested"
"★ Survival Knife | Doppler (Black Pearl)","Minimal Wear","Yes","252.89","skinport-listing-suggested"
"★ Survival Knife | Doppler (Phase 1)","Factory New","No","151.77","skinport-30d-median"
"★ Survival Knife | Doppler (Phase 1)","Factory New","Yes","149.00","skinport-30d-median"
"★ Survival Knife | Doppler (Phase 1)","Minimal Wear","No","194.98","skinport-90d-median"
"★ Survival Knife | Doppler (Phase 1)","Minimal Wear","Yes","236.12","skinport-30d-median"
"★ Survival Knife | Doppler (Phase 2)","Factory New","No","172.24","skinport-30d-median"
"★ Survival Knife | Doppler (Phase 2)","Factory New","Yes","228.06","skinport-90d-median"
"★ Survival Knife | Doppler (Phase 2)","Minimal Wear","No","207.78","skinport-listing-median"
"★ Survival Knife | Doppler (Phase 2)","Minimal Wear","Yes","220.00","skinport-30d-median"
"★ Survival Knife | Doppler (Phase 3)","Factory New","No","137.94","skinport-30d-median"
"★ Survival Knife | Doppler (Phase 3)","Factory New","Yes","150.39","skinport-30d-median"
"★ Survival Knife | Doppler (Phase 3)","Minimal Wear","No","196.73","skinport-90d-median"
"★ Survival Knife | Doppler (Phase 3)","Minimal Wear","Yes","","No verified quote"
"★ Survival Knife | Doppler (Phase 4)","Factory New","No","157.99","skinport-30d-median"
"★ Survival Knife | Doppler (Phase 4)","Factory New","Yes","164.90","skinport-30d-median"
"★ Survival Knife | Doppler (Phase 4)","Minimal Wear","No","177.04","skinport-90d-median"
"★ Survival Knife | Doppler (Phase 4)","Minimal Wear","Yes","230.26","skinport-listing-suggested"
"★ Ursus Knife | Doppler (Ruby)","Factory New","No","572.17","skinport-30d-median"
"★ Ursus Knife | Doppler (Ruby)","Factory New","Yes","640.00","skinport-90d-median"
"★ Ursus Knife | Doppler (Ruby)","Minimal Wear","No","","No verified quote"
"★ Ursus Knife | Doppler (Ruby)","Minimal Wear","Yes","303.73","skinport-listing-suggested"
"★ Ursus Knife | Doppler (Sapphire)","Factory New","No","379.89","skinport-30d-median"
"★ Ursus Knife | Doppler (Sapphire)","Factory New","Yes","564.64","skinport-listing-suggested"
"★ Ursus Knife | Doppler (Sapphire)","Minimal Wear","No","","No verified quote"
"★ Ursus Knife | Doppler (Sapphire)","Minimal Wear","Yes","628.89","skinport-listing-suggested"
"★ Ursus Knife | Doppler (Black Pearl)","Factory New","No","604.34","skinport-30d-median"
"★ Ursus Knife | Doppler (Black Pearl)","Factory New","Yes","789.47","skinport-listing-suggested"
"★ Ursus Knife | Doppler (Black Pearl)","Minimal Wear","No","794.74","skinport-listing-suggested"
"★ Ursus Knife | Doppler (Black Pearl)","Minimal Wear","Yes","","No verified quote"
"★ Ursus Knife | Doppler (Phase 1)","Factory New","No","185.41","skinport-30d-median"
"★ Ursus Knife | Doppler (Phase 1)","Factory New","Yes","250.00","skinport-30d-median"
"★ Ursus Knife | Doppler (Phase 1)","Minimal Wear","No","264.12","skinport-90d-median"
"★ Ursus Knife | Doppler (Phase 1)","Minimal Wear","Yes","432.07","skinport-listing-suggested"
"★ Ursus Knife | Doppler (Phase 2)","Factory New","No","233.87","skinport-30d-median"
"★ Ursus Knife | Doppler (Phase 2)","Factory New","Yes","225.67","skinport-30d-median"
"★ Ursus Knife | Doppler (Phase 2)","Minimal Wear","No","327.40","skinport-listing-suggested"
"★ Ursus Knife | Doppler (Phase 2)","Minimal Wear","Yes","303.73","skinport-listing-suggested"
"★ Ursus Knife | Doppler (Phase 3)","Factory New","No","196.19","skinport-30d-median"
"★ Ursus Knife | Doppler (Phase 3)","Factory New","Yes","182.49","skinport-30d-median"
"★ Ursus Knife | Doppler (Phase 3)","Minimal Wear","No","350.25","skinport-listing-suggested"
"★ Ursus Knife | Doppler (Phase 3)","Minimal Wear","Yes","364.84","skinport-listing-suggested"
"★ Ursus Knife | Doppler (Phase 4)","Factory New","No","202.30","skinport-30d-median"
"★ Ursus Knife | Doppler (Phase 4)","Factory New","Yes","230.07","skinport-90d-median"
"★ Ursus Knife | Doppler (Phase 4)","Minimal Wear","No","","No verified quote"
"★ Ursus Knife | Doppler (Phase 4)","Minimal Wear","Yes","517.51","skinport-listing-suggested"
"★ Navaja Knife | Doppler (Ruby)","Factory New","No","222.68","skinport-30d-median"
"★ Navaja Knife | Doppler (Ruby)","Factory New","Yes","252.37","skinport-90d-median"
"★ Navaja Knife | Doppler (Ruby)","Minimal Wear","No","","No verified quote"
"★ Navaja Knife | Doppler (Ruby)","Minimal Wear","Yes","465.47","skinport-listing-suggested"
"★ Navaja Knife | Doppler (Sapphire)","Factory New","No","174.49","skinport-30d-median"
"★ Navaja Knife | Doppler (Sapphire)","Factory New","Yes","169.00","skinport-90d-median"
"★ Navaja Knife | Doppler (Sapphire)","Minimal Wear","No","191.72","skinport-30d-median"
"★ Navaja Knife | Doppler (Sapphire)","Minimal Wear","Yes","","No verified quote"
"★ Navaja Knife | Doppler (Black Pearl)","Factory New","No","352.78","skinport-30d-median"
"★ Navaja Knife | Doppler (Black Pearl)","Factory New","Yes","453.03","skinport-listing-suggested"
"★ Navaja Knife | Doppler (Black Pearl)","Minimal Wear","No","480.75","skinport-listing-suggested"
"★ Navaja Knife | Doppler (Black Pearl)","Minimal Wear","Yes","789.47","skinport-listing-suggested"
"★ Navaja Knife | Doppler (Phase 1)","Factory New","No","91.61","skinport-30d-median"
"★ Navaja Knife | Doppler (Phase 1)","Factory New","Yes","110.00","skinport-90d-median"
"★ Navaja Knife | Doppler (Phase 1)","Minimal Wear","No","166.74","skinport-listing-suggested"
"★ Navaja Knife | Doppler (Phase 1)","Minimal Wear","Yes","","No verified quote"
"★ Navaja Knife | Doppler (Phase 2)","Factory New","No","109.05","skinport-30d-median"
"★ Navaja Knife | Doppler (Phase 2)","Factory New","Yes","128.99","skinport-30d-median"
"★ Navaja Knife | Doppler (Phase 2)","Minimal Wear","No","144.48","skinport-30d-median"
"★ Navaja Knife | Doppler (Phase 2)","Minimal Wear","Yes","162.05","skinport-listing-suggested"
"★ Navaja Knife | Doppler (Phase 3)","Factory New","No","85.45","skinport-30d-median"
"★ Navaja Knife | Doppler (Phase 3)","Factory New","Yes","105.63","skinport-30d-median"
"★ Navaja Knife | Doppler (Phase 3)","Minimal Wear","No","146.22","skinport-listing-suggested"
"★ Navaja Knife | Doppler (Phase 3)","Minimal Wear","Yes","158.51","skinport-listing-suggested"
"★ Navaja Knife | Doppler (Phase 4)","Factory New","No","97.30","skinport-30d-median"
"★ Navaja Knife | Doppler (Phase 4)","Factory New","Yes","103.62","skinport-30d-median"
"★ Navaja Knife | Doppler (Phase 4)","Minimal Wear","No","164.44","skinport-listing-suggested"
"★ Navaja Knife | Doppler (Phase 4)","Minimal Wear","Yes","240.03","skinport-listing-suggested"
"★ Nomad Knife | Doppler (Ruby)","Factory New","No","925.00","skinport-30d-median"
"★ Nomad Knife | Doppler (Ruby)","Factory New","Yes","1649.86","skinport-30d-median"
"★ Nomad Knife | Doppler (Ruby)","Minimal Wear","No","1055.00","skinport-30d-median"
"★ Nomad Knife | Doppler (Ruby)","Minimal Wear","Yes","","No verified quote"
"★ Nomad Knife | Doppler (Sapphire)","Factory New","No","641.70","skinport-30d-median"
"★ Nomad Knife | Doppler (Sapphire)","Factory New","Yes","578.82","skinport-30d-median"
"★ Nomad Knife | Doppler (Sapphire)","Minimal Wear","No","619.98","skinport-30d-median"
"★ Nomad Knife | Doppler (Sapphire)","Minimal Wear","Yes","","No verified quote"
"★ Nomad Knife | Doppler (Black Pearl)","Factory New","No","868.98","skinport-30d-median"
"★ Nomad Knife | Doppler (Black Pearl)","Factory New","Yes","1005.03","skinport-30d-median"
"★ Nomad Knife | Doppler (Black Pearl)","Minimal Wear","No","1169.59","skinport-listing-suggested"
"★ Nomad Knife | Doppler (Black Pearl)","Minimal Wear","Yes","546.44","skinport-listing-suggested"
"★ Nomad Knife | Doppler (Phase 1)","Factory New","No","316.99","skinport-30d-median"
"★ Nomad Knife | Doppler (Phase 1)","Factory New","Yes","315.00","skinport-90d-median"
"★ Nomad Knife | Doppler (Phase 1)","Minimal Wear","No","317.89","skinport-30d-median"
"★ Nomad Knife | Doppler (Phase 1)","Minimal Wear","Yes","546.44","skinport-listing-suggested"
"★ Nomad Knife | Doppler (Phase 2)","Factory New","No","381.00","skinport-30d-median"
"★ Nomad Knife | Doppler (Phase 2)","Factory New","Yes","327.67","skinport-30d-median"
"★ Nomad Knife | Doppler (Phase 2)","Minimal Wear","No","537.84","skinport-90d-median"
"★ Nomad Knife | Doppler (Phase 2)","Minimal Wear","Yes","583.29","skinport-90d-median"
"★ Nomad Knife | Doppler (Phase 3)","Factory New","No","317.58","skinport-30d-median"
"★ Nomad Knife | Doppler (Phase 3)","Factory New","Yes","314.52","skinport-30d-median"
"★ Nomad Knife | Doppler (Phase 3)","Minimal Wear","No","352.68","skinport-30d-median"
"★ Nomad Knife | Doppler (Phase 3)","Minimal Wear","Yes","546.44","skinport-listing-suggested"
"★ Nomad Knife | Doppler (Phase 4)","Factory New","No","346.95","skinport-30d-median"
"★ Nomad Knife | Doppler (Phase 4)","Factory New","Yes","293.98","skinport-30d-median"
"★ Nomad Knife | Doppler (Phase 4)","Minimal Wear","No","388.23","skinport-90d-median"
"★ Nomad Knife | Doppler (Phase 4)","Minimal Wear","Yes","733.61","skinport-listing-suggested"
"★ Stiletto Knife | Doppler (Ruby)","Factory New","No","1522.59","skinport-30d-median"
"★ Stiletto Knife | Doppler (Ruby)","Factory New","Yes","2064.73","skinport-listing-suggested"
"★ Stiletto Knife | Doppler (Ruby)","Minimal Wear","No","1585.96","skinport-listing-suggested"
"★ Stiletto Knife | Doppler (Ruby)","Minimal Wear","Yes","","No verified quote"
"★ Stiletto Knife | Doppler (Sapphire)","Factory New","No","957.44","skinport-30d-median"
"★ Stiletto Knife | Doppler (Sapphire)","Factory New","Yes","2159.32","skinport-listing-suggested"
"★ Stiletto Knife | Doppler (Sapphire)","Minimal Wear","No","849.00","skinport-30d-median"
"★ Stiletto Knife | Doppler (Sapphire)","Minimal Wear","Yes","416.09","skinport-listing-suggested"
"★ Stiletto Knife | Doppler (Black Pearl)","Factory New","No","1455.84","skinport-30d-median"
"★ Stiletto Knife | Doppler (Black Pearl)","Factory New","Yes","","No verified quote"
"★ Stiletto Knife | Doppler (Black Pearl)","Minimal Wear","No","909.77","skinport-listing-suggested"
"★ Stiletto Knife | Doppler (Black Pearl)","Minimal Wear","Yes","","No verified quote"
"★ Stiletto Knife | Doppler (Phase 1)","Factory New","No","392.84","skinport-30d-median"
"★ Stiletto Knife | Doppler (Phase 1)","Factory New","Yes","365.63","skinport-30d-median"
"★ Stiletto Knife | Doppler (Phase 1)","Minimal Wear","No","410.53","skinport-listing-suggested"
"★ Stiletto Knife | Doppler (Phase 1)","Minimal Wear","Yes","420.62","skinport-listing-suggested"
"★ Stiletto Knife | Doppler (Phase 2)","Factory New","No","527.32","skinport-30d-median"
"★ Stiletto Knife | Doppler (Phase 2)","Factory New","Yes","478.54","skinport-30d-median"
"★ Stiletto Knife | Doppler (Phase 2)","Minimal Wear","No","491.34","skinport-90d-median"
"★ Stiletto Knife | Doppler (Phase 2)","Minimal Wear","Yes","595.32","skinport-listing-suggested"
"★ Stiletto Knife | Doppler (Phase 3)","Factory New","No","411.52","skinport-30d-median"
"★ Stiletto Knife | Doppler (Phase 3)","Factory New","Yes","368.53","skinport-90d-median"
"★ Stiletto Knife | Doppler (Phase 3)","Minimal Wear","No","407.57","skinport-30d-median"
"★ Stiletto Knife | Doppler (Phase 3)","Minimal Wear","Yes","409.03","skinport-listing-suggested"
"★ Stiletto Knife | Doppler (Phase 4)","Factory New","No","434.78","skinport-30d-median"
"★ Stiletto Knife | Doppler (Phase 4)","Factory New","Yes","400.00","skinport-30d-median"
"★ Stiletto Knife | Doppler (Phase 4)","Minimal Wear","No","440.88","skinport-90d-median"
"★ Stiletto Knife | Doppler (Phase 4)","Minimal Wear","Yes","416.09","skinport-listing-suggested"
"★ Talon Knife | Doppler (Ruby)","Factory New","No","2334.00","skinport-30d-median"
"★ Talon Knife | Doppler (Ruby)","Factory New","Yes","2051.44","skinport-90d-median"
"★ Talon Knife | Doppler (Ruby)","Minimal Wear","No","2014.86","skinport-90d-median"
"★ Talon Knife | Doppler (Ruby)","Minimal Wear","Yes","","No verified quote"
"★ Talon Knife | Doppler (Sapphire)","Factory New","No","1500.00","skinport-30d-median"
"★ Talon Knife | Doppler (Sapphire)","Factory New","Yes","1450.00","skinport-30d-median"
"★ Talon Knife | Doppler (Sapphire)","Minimal Wear","No","","No verified quote"
"★ Talon Knife | Doppler (Sapphire)","Minimal Wear","Yes","711.03","skinport-listing-suggested"
"★ Talon Knife | Doppler (Black Pearl)","Factory New","No","2198.70","skinport-30d-median"
"★ Talon Knife | Doppler (Black Pearl)","Factory New","Yes","","No verified quote"
"★ Talon Knife | Doppler (Black Pearl)","Minimal Wear","No","2310.87","skinport-listing-suggested"
"★ Talon Knife | Doppler (Black Pearl)","Minimal Wear","Yes","","No verified quote"
"★ Talon Knife | Doppler (Phase 1)","Factory New","No","689.53","skinport-30d-median"
"★ Talon Knife | Doppler (Phase 1)","Factory New","Yes","725.18","skinport-90d-median"
"★ Talon Knife | Doppler (Phase 1)","Minimal Wear","No","663.30","skinport-90d-median"
"★ Talon Knife | Doppler (Phase 1)","Minimal Wear","Yes","761.83","skinport-listing-suggested"
"★ Talon Knife | Doppler (Phase 2)","Factory New","No","837.80","skinport-30d-median"
"★ Talon Knife | Doppler (Phase 2)","Factory New","Yes","902.00","skinport-90d-median"
"★ Talon Knife | Doppler (Phase 2)","Minimal Wear","No","791.58","skinport-30d-median"
"★ Talon Knife | Doppler (Phase 2)","Minimal Wear","Yes","445.47","skinport-listing-suggested"
"★ Talon Knife | Doppler (Phase 3)","Factory New","No","683.40","skinport-30d-median"
"★ Talon Knife | Doppler (Phase 3)","Factory New","Yes","704.41","skinport-30d-median"
"★ Talon Knife | Doppler (Phase 3)","Minimal Wear","No","810.00","skinport-30d-median"
"★ Talon Knife | Doppler (Phase 3)","Minimal Wear","Yes","685.17","skinport-listing-suggested"
"★ Talon Knife | Doppler (Phase 4)","Factory New","No","700.00","skinport-30d-median"
"★ Talon Knife | Doppler (Phase 4)","Factory New","Yes","735.93","skinport-90d-median"
"★ Talon Knife | Doppler (Phase 4)","Minimal Wear","No","952.40","skinport-listing-suggested"
"★ Talon Knife | Doppler (Phase 4)","Minimal Wear","Yes","842.11","skinport-listing-suggested"
"★ Skeleton Knife | Doppler (Ruby)","Factory New","No","2046.77","skinport-30d-median"
"★ Skeleton Knife | Doppler (Ruby)","Factory New","Yes","2353.54","skinport-listing-median"
"★ Skeleton Knife | Doppler (Ruby)","Minimal Wear","No","1885.52","skinport-30d-median"
"★ Skeleton Knife | Doppler (Ruby)","Minimal Wear","Yes","1852.38","skinport-listing-suggested"
"★ Skeleton Knife | Doppler (Sapphire)","Factory New","No","1081.02","skinport-30d-median"
"★ Skeleton Knife | Doppler (Sapphire)","Factory New","Yes","958.33","skinport-30d-median"
"★ Skeleton Knife | Doppler (Sapphire)","Minimal Wear","No","1360.97","skinport-90d-median"
"★ Skeleton Knife | Doppler (Sapphire)","Minimal Wear","Yes","","No verified quote"
"★ Skeleton Knife | Doppler (Black Pearl)","Factory New","No","1862.00","skinport-30d-median"
"★ Skeleton Knife | Doppler (Black Pearl)","Factory New","Yes","2018.28","skinport-90d-median"
"★ Skeleton Knife | Doppler (Black Pearl)","Minimal Wear","No","2947.37","skinport-listing-suggested"
"★ Skeleton Knife | Doppler (Black Pearl)","Minimal Wear","Yes","383.09","skinport-listing-suggested"
"★ Skeleton Knife | Doppler (Phase 1)","Factory New","No","490.12","skinport-30d-median"
"★ Skeleton Knife | Doppler (Phase 1)","Factory New","Yes","522.90","skinport-30d-median"
"★ Skeleton Knife | Doppler (Phase 1)","Minimal Wear","No","538.24","skinport-90d-median"
"★ Skeleton Knife | Doppler (Phase 1)","Minimal Wear","Yes","","No verified quote"
"★ Skeleton Knife | Doppler (Phase 2)","Factory New","No","638.96","skinport-30d-median"
"★ Skeleton Knife | Doppler (Phase 2)","Factory New","Yes","678.25","skinport-30d-median"
"★ Skeleton Knife | Doppler (Phase 2)","Minimal Wear","No","","No verified quote"
"★ Skeleton Knife | Doppler (Phase 2)","Minimal Wear","Yes","1759.98","skinport-listing-suggested"
"★ Skeleton Knife | Doppler (Phase 3)","Factory New","No","484.29","skinport-30d-median"
"★ Skeleton Knife | Doppler (Phase 3)","Factory New","Yes","490.00","skinport-30d-median"
"★ Skeleton Knife | Doppler (Phase 3)","Minimal Wear","No","474.00","skinport-30d-median"
"★ Skeleton Knife | Doppler (Phase 3)","Minimal Wear","Yes","504.44","skinport-30d-median"
"★ Skeleton Knife | Doppler (Phase 4)","Factory New","No","536.94","skinport-30d-median"
"★ Skeleton Knife | Doppler (Phase 4)","Factory New","Yes","528.31","skinport-90d-median"
"★ Skeleton Knife | Doppler (Phase 4)","Minimal Wear","No","693.51","skinport-30d-median"
"★ Skeleton Knife | Doppler (Phase 4)","Minimal Wear","Yes","383.09","skinport-listing-suggested"
